# cilkview format version, 1
# n workers, weighted parallelism, trials, speedup, ideal parallelism
1, 1., 0., 1., 1.
2, 0.740741, 0., , 1.
3, 0.681818, 0., , 1.
4, 0.655738, 0., , 1.
5, 0.641026, 0., , 1.
6, 0.631579, 0., , 1.
7, 0.625, 0., , 1.
8, 0.620155, 0., , 1.
9, 0.616438, 0., , 1.
10, 0.613497, 0., , 1.
11, 0.611111, 0., , 1.
12, 0.609137, 0.005, 0., 1.
13, 0.607477, , , 1.
14, 0.606061, , , 1.
15, 0.604839, , , 1.
16, 0.603774, , , 1.
